Title,Link,Price,Release Date,Reviews,Tags
DOOM,https://store.steampowered.com/app/379720/DOOM/?snr=1_7_7_151_150_1,£3.19,"12 May, 2016",Overwhelmingly Positive,"FPS, Gore, Action, Shooter, Demons, Great Soundtrack, First-Person"
DOOM Eternal,https://store.steampowered.com/app/782330/DOOM_Eternal/?snr=1_7_7_151_150_1,£6.99,"19 Mar, 2020",Very Positive,"Action, FPS, Gore, Great Soundtrack, Fast-Paced, Demons, Violent"
DOOM 3,https://store.steampowered.com/app/208200/DOOM_3/?snr=1_7_7_151_150_1,£3.19,"18 Oct, 2012",Very Positive,"FPS, Horror, Action, Shooter, Classic, Sci-fi, First-Person"
DOOM (1993),https://store.steampowered.com/app/2280/DOOM_1993/?snr=1_7_7_151_150_1,£1.31,"3 Aug, 2007",Overwhelmingly Positive,"FPS, Classic, Action, 1990's, Retro, Great Soundtrack"
DOOM II,https://store.steampowered.com/app/2300/DOOM_II/?snr=1_7_7_151_150_1,£1.31,"3 Aug, 2007",Overwhelmingly Positive,"Classic, FPS, Action, 1990's, Retro, Shooter, Demons"
DOOM Franchise Bundle,https://store.steampowered.com/bundle/15366/DOOM_Franchise_Bundle/?snr=1_7_7_151_150_1,£22.32,,Very Positive,"FPS, Action, Classic, Shooter, Gore, 1990's, Demons"
DOOM 64,https://store.steampowered.com/app/1148590/DOOM_64/?snr=1_7_7_151_150_1,£1.31,"19 Mar, 2020",Very Positive,"Action, FPS, Classic, 1990's, Retro, Gore, Shooter"
DOOM VFR,https://store.steampowered.com/app/650000/DOOM_VFR/?snr=1_7_7_151_150_1,£3.24,"30 Nov, 2017",Mixed,"VR, Action, FPS, Gore, Violent, Shooter, Singleplayer"
DOOM Soundtrack,https://store.steampowered.com/app/1195480/DOOM_Soundtrack/?snr=1_7_7_151_150_1,£3.99,"11 Feb, 2020",Very Positive,"Action, Soundtrack, Great Soundtrack"
Doom Sweeper,https://store.steampowered.com/app/2162680/Doom_Sweeper/?snr=1_7_7_151_150_1,£4.29,"6 Dec, 2023",Mostly Positive,"Hack and Slash, Rogue-lite, Tower Defense, Rogue-like"
Road Doom,https://store.steampowered.com/app/792860/Road_Doom/?snr=1_7_7_151_150_1,£3.21,"17 Aug, 2018",Positive,"Indie, Casual, Action, Bullet Hell, Shoot 'Em Up, Controller, Arcade"
DOOM Classic Bundle,https://store.steampowered.com/bundle/27490/DOOM_Classic_Bundle/?snr=1_7_7_151_150_1,£5.33,,Very Positive,"FPS, Action, Classic, 1990's, Retro, Shooter, Horror"
Doom Work,https://store.steampowered.com/app/1745800/Doom_Work/?snr=1_7_7_151_150_1,£1.69,"30 Sep, 2021",Positive,"Lemmings, Puzzle, Strategy, Pixel Graphics, Casual, Singleplayer, Point & Click"
DOOM TOMB,https://store.steampowered.com/app/1893050/DOOM_TOMB/?snr=1_7_7_151_150_1,Free,"22 Mar, 2022",Positive,"Action, e-sports, Third Person, Dark, Horror, Magic"
SILENT DOOM,https://store.steampowered.com/app/983680/SILENT_DOOM/?snr=1_7_7_151_150_1,,Coming soon,,"Action, Adventure, Indie, Horror, Gore, Violent"
ULTRAKILL,https://store.steampowered.com/app/1229490/ULTRAKILL/?snr=1_7_7_151_150_1,£14.69,"3 Sep, 2020",Overwhelmingly Positive,"Character Action Game, Fast-Paced, FPS, Blood, Spectacle fighter"
Doom Survivors,https://store.steampowered.com/app/2746830/Doom_Survivors/?snr=1_7_7_151_150_1,,Coming soon,,"Bullet Hell, Rogue-lite, Action RPG, Rogue-like, RPG, Singleplayer"
DoomBreaker,https://store.steampowered.com/app/1602520/DoomBreaker/?snr=1_7_7_151_150_1,,To be announced,,"Action, Adventure, Strategy, 2D Fighter, Action-Adventure, Arcade, Platformer"
Kingdom of Doom,https://store.steampowered.com/app/2717440/Kingdom_of_Doom/?snr=1_7_7_151_150_1,,Coming soon,,"Adventure, RPG, Action, Action-Adventure, Action RPG, 3D Platformer"
Hand of Doom,https://store.steampowered.com/app/1924400/Hand_of_Doom/?snr=1_7_7_151_150_1,£8.50,"16 May, 2023",Very Positive,"RPG, Adventure, Action-Adventure, Exploration, First-Person, FMV"
Doom & Destiny,https://store.steampowered.com/app/318130/Doom__Destiny/?snr=1_7_7_151_150_1,£8.99,"18 Mar, 2015",Overwhelmingly Positive,"RPG, Indie, RPGMaker, Turn-Based Combat, Comedy, Fantasy, Strategy"
Skin - Doom Bringer,https://store.steampowered.com/app/463590/Skin__Doom_Bringer/?snr=1_7_7_151_150_1,£4.29,"21 Apr, 2016",Positive,"Action, Adventure, RPG, Massively Multiplayer, Indie"
Cute and Doom,https://store.steampowered.com/bundle/27129/Cute_and_Doom/?snr=1_7_7_151_150_1,£26.58,,Very Positive,"Pixel Graphics, Horror, Anime, 2D, RPGMaker, Metroidvania, Adventure"
Gloom and Doom,https://store.steampowered.com/app/1372800/Gloom_and_Doom/?snr=1_7_7_151_150_1,£15.49,"17 Jan, 2021",Positive,"Choose Your Own Adventure, Fantasy, Horror, Casual, Interactive Fiction, Visual Novel, Psychological Horror"
Tunnel of Doom,https://store.steampowered.com/app/1361840/Tunnel_of_Doom/?snr=1_7_7_151_150_1,£10.99,"23 Nov, 2021",Mixed,"Dungeon Crawler, Tower Defense, Rogue-lite, Perma Death, Action RPG, Action-Adventure"
Ski Doom VR,https://store.steampowered.com/app/1358630/Ski_Doom_VR/?snr=1_7_7_151_150_1,Free,"13 Aug, 2020",Mostly Positive,"Sports, Indie, Arcade, Procedural Generation, Survival, 3D Platformer, Physics"
Shroom & Doom,https://store.steampowered.com/app/2491690/Shroom__Doom/?snr=1_7_7_151_150_1,Free,"21 Jul, 2023",Mixed,"Top-Down Shooter, Action, Casual, Tower Defense, Shooter, 2D, Top-Down"
Manor Lords,https://store.steampowered.com/app/1363080/Manor_Lords/?snr=1_7_7_151_150_1,,"26 Apr, 2024",,"City Builder, Strategy, Medieval, Open World, Adventure, Simulation, Historical"
Doom Rails,https://store.steampowered.com/app/41400/Doom_Rails/?snr=1_7_7_151_150_1,£1.99,"4 Nov, 2009",Mostly Negative,"Action, Indie"
Doom & Destiny Advanced,https://store.steampowered.com/app/361040/Doom__Destiny_Advanced/?snr=1_7_7_151_150_1,£8.99,"15 Nov, 2016",Very Positive,"RPG, JRPG, Comedy, Indie, Turn-Based Combat, Fantasy, Dark Humor"
DOOM Demo,https://store.steampowered.com/app/379720/DOOM/?snr=1_7_7_151_150_1,Free,"12 Jun, 2016",,Action
Doom & Destiny Worlds,https://store.steampowered.com/app/953690/Doom__Destiny_Worlds/?snr=1_7_7_151_150_1,£16.75,"18 Sep, 2020",Mostly Positive,"Local Co-Op, Crafting, Open World, JRPG, Survival, Base Building, Exploration"
Deep Dungeons of Doom,https://store.steampowered.com/app/325090/Deep_Dungeons_of_Doom/?snr=1_7_7_151_150_1,£3.99,"14 Oct, 2014",Very Positive,"RPG, Casual, Adventure, Pixel Graphics, Dungeon Crawler, Fantasy, Rogue-like"
Doom & Destiny Collection,https://store.steampowered.com/bundle/1661/Doom__Destiny_Collection/?snr=1_7_7_151_150_1,£33.17,,Very Positive,"RPG, JRPG, Indie, Comedy, Turn-Based Combat, Fantasy, RPGMaker"
Terracotta - Shards of Doom,https://store.steampowered.com/app/1109750/Terracotta__Shards_of_Doom/?snr=1_7_7_151_150_1,Free,"6 Aug, 2019",Positive,"Action, Adventure"
Atomicrops: Doom & Bloom,https://store.steampowered.com/app/1598990/Atomicrops_Doom__Bloom/?snr=1_7_7_151_150_1,Free,"16 Apr, 2021",Positive,"Action, Indie"
DOOM Eternal: Series One Cosmetic Pack,https://store.steampowered.com/app/1460020/DOOM_Eternal_Series_One_Cosmetic_Pack/?snr=1_7_7_151_150_1,£3.69,"29 Apr, 2021",Positive,"Action, Gore, Violent"
The Forest of Doom (Standalone),https://store.steampowered.com/app/270490/The_Forest_of_Doom_Standalone/?snr=1_7_7_151_150_1,£2.43,"30 Oct, 2014",Very Positive,"RPG, Adventure, Choose Your Own Adventure, Based On A Novel, Visual Novel, Indie, Singleplayer"
Days of Doom,https://store.steampowered.com/app/2258180/Days_of_Doom/?snr=1_7_7_151_150_1,£24.99,"21 Sep, 2023",,"Tactical RPG, Turn-Based Tactics, Rogue-lite, Perma Death, Strategy, Turn-Based Strategy, Rogue-like"
DOOM Eternal: Cosplay Slayer Master Collection Cosmetic Pack,https://store.steampowered.com/app/1626003/DOOM_Eternal_Cosplay_Slayer_Master_Collection_Cosmetic_Pack/?snr=1_7_7_151_150_1,£1.99,"5 Aug, 2021",Positive,"Action, Gore, Violent"
DOOM Eternal: The Ancient Gods - Part One,https://store.steampowered.com/app/1098292/DOOM_Eternal_The_Ancient_Gods__Part_One/?snr=1_7_7_151_150_1,£5.27,"20 Oct, 2020",Mostly Positive,"Action, Gore, Violent, FPS, Difficult, Great Soundtrack, Singleplayer"
Retro Classix: Gate of Doom,https://store.steampowered.com/app/1540430/Retro_Classix_Gate_of_Doom/?snr=1_7_7_151_150_1,£5.19,"2 Mar, 2021",Positive,"Action RPG, Arcade, Local Co-Op, Isometric, Dungeon Crawler, Party-Based RPG, Retro"
DOOM Eternal: The Ancient Gods - Part Two,https://store.steampowered.com/app/1098293/DOOM_Eternal_The_Ancient_Gods__Part_Two/?snr=1_7_7_151_150_1,£5.27,"18 Mar, 2021",Mixed,"Action, Violent, Gore, FPS, Demons, Great Soundtrack, Singleplayer"
BRINK: Doom®/Psycho Combo Pack,https://store.steampowered.com/app/22361/BRINK_DoomPsycho_Combo_Pack/?snr=1_7_7_151_150_1,£0.79,"23 Aug, 2011",Mixed,Action
The Haunted House of Doom,https://store.steampowered.com/app/781920/The_Haunted_House_of_Doom/?snr=1_7_7_151_150_1,£2.89,"13 Oct, 2020",Positive,"Adventure, Horror, 2D, Mystery, Exploration, Strategy, Colorful"
Tower of Doom,https://store.steampowered.com/app/1509840/Tower_of_Doom/?snr=1_7_7_151_150_1,£11.39,"29 Jul, 2021",,"Action, Arcade, VR, Shooter, Survival, Gun Customization, Bullet Hell"
Ball of Doom,https://store.steampowered.com/app/1284290/Ball_of_Doom/?snr=1_7_7_151_150_1,£1.69,"18 Apr, 2020",,"Indie, Destruction, 3D Platformer, Difficult, Pixel Graphics"
Masquerade: The Baubles of Doom,https://store.steampowered.com/app/299380/Masquerade_The_Baubles_of_Doom/?snr=1_7_7_151_150_1,£9.99,"20 Apr, 2016",Mostly Positive,"Action, Adventure, Indie, Casual"
Fairly Certain Doom,https://store.steampowered.com/app/790170/Fairly_Certain_Doom/?snr=1_7_7_151_150_1,£1.69,"3 Apr, 2018",,"Adventure, VR, Drama"
Road Doom Soundtrack,https://store.steampowered.com/app/1961270/Road_Doom_Soundtrack/?snr=1_7_7_151_150_1,£1.26,"17 Aug, 2022",,
